;B29233_B29233_B29233_B29233;B29234_B29234_B29234_B29234;B32190_B32190_B32190_B32190;B33619_B33619_B33619_B33619;B33707_B33707_B33707_B33707;B33735_B33735_B33735_B33735;B34065_B34065_B34065_B34065;B34084_B34084_B34084_B34084;B34139_B34139_B34139_B34139;B34631_B34631_B34631_B34631;B34682_B34682_B34682_B34682;B34879_B34879_B34879_B34879;B41528_B41528_B41528_B41528;B41529_B41529_B41529_B41529;B42826_B42826_B42826_B42826;B42870_B42870_B42870_B42870;B42871_B42871_B42871_B42871;B42904_B42904_B42904_B42904;B42961_B42961_B42961_B42961;B43003_B43003_B43003_B43003;B43391_B43391_B43391_B43391;B43392_B43392_B43392_B43392;B43425_B43425_B43425_B43425;B43561_B43561_B43561_B43561;B43562_B43562_B43562_B43562;B44275_B44275_B44275_B44275;B44276_B44276_B44276_B44276;B45009_B45009_B45009_B45009;B45010_B45010_B45010_B45010;B45033_B45033_B45033_B45033;B45514_B45514_B45514_B45514;B45515_B45515_B45515_B45515;B45516_B45516_B45516_B45516;B45517_B45517_B45517_B45517;B48582_B48582_B48582_B48582;B48686_B48686_B48686_B48686;B48687_B48687_B48687_B48687;B49784_B49784_B49784_B49784;B50845_B50845_B50845_B50845;B51063_B51063_B51063_B51063;B51658_B51658_B51658_B51658;B51667_B51667_B51667_B51667;B51669_B51669_B51669_B51669;B51702_B51702_B51702_B51702;B52820_B52820_B52820_B52820;B53100_B53100_B53100_B53100;B53291_B53291_B53291_B53291;B53583_B53583_B53583_B53583;B53585_B53585_B53585_B53585;B53586_B53586_B53586_B53586;B53844_B53844_B53844_B53844;B53845_B53845_B53845_B53845;B53846_B53846_B53846_B53846;B53982_B53982_B53982_B53982;B54527_B54527_B54527_B54527;B54654_B54654_B54654_B54654;B54657_B54657_B54657_B54657;B54825_B54825_B54825_B54825;B54826_B54826_B54826_B54826;B54827_B54827_B54827_B54827;B54828_B54828_B54828_B54828;B54829_B54829_B54829_B54829;B54875_B54875_B54875_B54875;B54897_B54897_B54897_B54897;B54898_B54898_B54898_B54898;B54899_B54899_B54899_B54899;B54900_B54900_B54900_B54900;B56137_B56137_B56137_B56137;B56138_B56138_B56138_B56138;B56139_B56139_B56139_B56139;B56304_B56304_B56304_B56304;B56946_B56946_B56946_B56946;B56947_B56947_B56947_B56947;B56960_B56960_B56960_B56960;B57017_B57017_B57017_B57017;B57146_B57146_B57146_B57146;B57147_B57147_B57147_B57147;B57328_B57328_B57328_B57328;B57460_B57460_B57460_B57460;B57461_B57461_B57461_B57461;B59003_B59003_B59003_B59003;B59123_B59123_B59123_B59123;B59459_B59459_B59459_B59459;B59739_B59739_B59739_B59739;B60344_B60344_B60344_B60344;B60420_B60420_B60420_B60420;B60554_B60554_B60554_B60554;B60739_B60739_B60739_B60739
B29233_B29233_B29233_B29233;0;;;;;;;;;;;;;;;;;;;;;;;;;;;;;;;;;;;;;;;;;;;;;;;;;;;;;;;;;;;;;;;;;;;;;;;;;;;;;;;;;;;;;;;
B29234_B29234_B29234_B29234;0;0;;;;;;;;;;;;;;;;;;;;;;;;;;;;;;;;;;;;;;;;;;;;;;;;;;;;;;;;;;;;;;;;;;;;;;;;;;;;;;;;;;;;;;
B32190_B32190_B32190_B32190;2213.24;2213.24;0;;;;;;;;;;;;;;;;;;;;;;;;;;;;;;;;;;;;;;;;;;;;;;;;;;;;;;;;;;;;;;;;;;;;;;;;;;;;;;;;;;;;;
B33619_B33619_B33619_B33619;3156.48;3156.48;1203.16;0;;;;;;;;;;;;;;;;;;;;;;;;;;;;;;;;;;;;;;;;;;;;;;;;;;;;;;;;;;;;;;;;;;;;;;;;;;;;;;;;;;;;
B33707_B33707_B33707_B33707;3156.48;3156.48;1203.16;0;0;;;;;;;;;;;;;;;;;;;;;;;;;;;;;;;;;;;;;;;;;;;;;;;;;;;;;;;;;;;;;;;;;;;;;;;;;;;;;;;;;;;
B33735_B33735_B33735_B33735;3157.59;3157.59;1204.58;1.44;1.44;0;;;;;;;;;;;;;;;;;;;;;;;;;;;;;;;;;;;;;;;;;;;;;;;;;;;;;;;;;;;;;;;;;;;;;;;;;;;;;;;;;;
B34065_B34065_B34065_B34065;101.56;101.56;2111.83;3061.06;3061.06;3062.17;0;;;;;;;;;;;;;;;;;;;;;;;;;;;;;;;;;;;;;;;;;;;;;;;;;;;;;;;;;;;;;;;;;;;;;;;;;;;;;;;;;
B34084_B34084_B34084_B34084;2068.59;2068.59;400.61;1589.99;1589.99;1591.43;1967.87;0;;;;;;;;;;;;;;;;;;;;;;;;;;;;;;;;;;;;;;;;;;;;;;;;;;;;;;;;;;;;;;;;;;;;;;;;;;;;;;;;
B34139_B34139_B34139_B34139;170.83;170.83;2225.32;3116.94;3116.94;3117.99;206.13;2110.92;0;;;;;;;;;;;;;;;;;;;;;;;;;;;;;;;;;;;;;;;;;;;;;;;;;;;;;;;;;;;;;;;;;;;;;;;;;;;;;;;
B34631_B34631_B34631_B34631;170.51;170.51;2232.46;3124.11;3124.11;3125.17;209.36;2117.71;7.25;0;;;;;;;;;;;;;;;;;;;;;;;;;;;;;;;;;;;;;;;;;;;;;;;;;;;;;;;;;;;;;;;;;;;;;;;;;;;;;;
B34682_B34682_B34682_B34682;376.68;376.68;2096.73;2931.47;2931.47;2932.48;355.82;2020.7;232.25;237.51;0;;;;;;;;;;;;;;;;;;;;;;;;;;;;;;;;;;;;;;;;;;;;;;;;;;;;;;;;;;;;;;;;;;;;;;;;;;;;;
B34879_B34879_B34879_B34879;400.34;400.34;1837.06;2836.78;2836.78;2837.96;303.51;1673.05;486.38;491.69;528.43;0;;;;;;;;;;;;;;;;;;;;;;;;;;;;;;;;;;;;;;;;;;;;;;;;;;;;;;;;;;;;;;;;;;;;;;;;;;;;
B41528_B41528_B41528_B41528;1732.19;1732.19;659.83;1857.01;1857.01;1858.42;1632.41;352.62;1784.96;1791.57;1712.55;1333.63;0;;;;;;;;;;;;;;;;;;;;;;;;;;;;;;;;;;;;;;;;;;;;;;;;;;;;;;;;;;;;;;;;;;;;;;;;;;;
B41529_B41529_B41529_B41529;1739.11;1739.11;657.87;1855.84;1855.84;1857.25;1639.37;347.16;1792.16;1798.76;1720.01;1340.48;7.63;0;;;;;;;;;;;;;;;;;;;;;;;;;;;;;;;;;;;;;;;;;;;;;;;;;;;;;;;;;;;;;;;;;;;;;;;;;;
B42826_B42826_B42826_B42826;749.02;749.02;1555.18;2627.13;2627.13;2628.39;654.94;1350.93;837.02;842.59;844.45;352.49;1003.55;1010;0;;;;;;;;;;;;;;;;;;;;;;;;;;;;;;;;;;;;;;;;;;;;;;;;;;;;;;;;;;;;;;;;;;;;;;;;;
B42870_B42870_B42870_B42870;2034.06;2034.06;441.3;1634.58;1634.58;1636.02;1933.56;46.93;2079.08;2085.83;1992.72;1637.51;311.22;305.42;1312.65;0;;;;;;;;;;;;;;;;;;;;;;;;;;;;;;;;;;;;;;;;;;;;;;;;;;;;;;;;;;;;;;;;;;;;;;;;
B42871_B42871_B42871_B42871;2034.06;2034.06;441.3;1634.58;1634.58;1636.02;1933.56;46.93;2079.08;2085.83;1992.72;1637.51;311.22;305.42;1312.65;0;0;;;;;;;;;;;;;;;;;;;;;;;;;;;;;;;;;;;;;;;;;;;;;;;;;;;;;;;;;;;;;;;;;;;;;;;
B42904_B42904_B42904_B42904;2425.8;2425.8;360.79;1337.57;1337.57;1339;2324.55;373.31;2458.96;2465.89;2354.11;2033.93;725.78;720.41;1719;416.64;416.64;0;;;;;;;;;;;;;;;;;;;;;;;;;;;;;;;;;;;;;;;;;;;;;;;;;;;;;;;;;;;;;;;;;;;;;;
B42961_B42961_B42961_B42961;2435.04;2435.04;366.18;1333.54;1333.54;1334.97;2333.78;382.41;2468.12;2475.06;2363.12;2043.19;734.91;729.53;1728.26;425.65;425.65;9.27;0;;;;;;;;;;;;;;;;;;;;;;;;;;;;;;;;;;;;;;;;;;;;;;;;;;;;;;;;;;;;;;;;;;;;;
B43003_B43003_B43003_B43003;2424.91;2424.91;361.73;1339.7;1339.7;1341.13;2323.66;371.93;2458.2;2465.14;2353.54;2032.97;724.44;719.05;1717.88;415.19;415.19;2.13;10.48;0;;;;;;;;;;;;;;;;;;;;;;;;;;;;;;;;;;;;;;;;;;;;;;;;;;;;;;;;;;;;;;;;;;;;
B43391_B43391_B43391_B43391;716.47;716.47;1657.41;2744.06;2744.06;2745.33;630.58;1434.5;826.29;831.11;867.74;344.93;1083.45;1089.5;124.09;1394.46;1394.46;1805.57;1814.8;1804.36;0;;;;;;;;;;;;;;;;;;;;;;;;;;;;;;;;;;;;;;;;;;;;;;;;;;;;;;;;;;;;;;;;;;;
B43392_B43392_B43392_B43392;716.47;716.47;1657.41;2744.06;2744.06;2745.33;630.58;1434.5;826.29;831.11;867.74;344.93;1083.45;1089.5;124.09;1394.46;1394.46;1805.57;1814.8;1804.36;0;0;;;;;;;;;;;;;;;;;;;;;;;;;;;;;;;;;;;;;;;;;;;;;;;;;;;;;;;;;;;;;;;;;;
B43425_B43425_B43425_B43425;1138.38;1138.38;1311.57;2463.95;2463.95;2465.3;1046.93;1038.35;1231.67;1237.21;1230;746.33;686.57;691.63;394.69;995.33;995.33;1411.63;1420.7;1410.23;430.27;430.27;0;;;;;;;;;;;;;;;;;;;;;;;;;;;;;;;;;;;;;;;;;;;;;;;;;;;;;;;;;;;;;;;;;
B43561_B43561_B43561_B43561;1347.64;1347.64;1134.09;2311.49;2311.49;2312.87;1253.89;833.88;1432.51;1438.34;1412.7;951.02;487.06;491.2;598.96;789.47;789.47;1205.95;1214.9;1204.46;646.69;646.69;218.19;0;;;;;;;;;;;;;;;;;;;;;;;;;;;;;;;;;;;;;;;;;;;;;;;;;;;;;;;;;;;;;;;;
B43562_B43562_B43562_B43562;1347.64;1347.64;1134.09;2311.49;2311.49;2312.87;1253.89;833.88;1432.51;1438.34;1412.7;951.02;487.06;491.2;598.96;789.47;789.47;1205.95;1214.9;1204.46;646.69;646.69;218.19;0;0;;;;;;;;;;;;;;;;;;;;;;;;;;;;;;;;;;;;;;;;;;;;;;;;;;;;;;;;;;;;;;;
B44275_B44275_B44275_B44275;1325.42;1325.42;1158.38;2333.97;2333.97;2335.35;1232.11;859.9;1411.91;1417.69;1395.04;929.53;512.68;516.89;577.2;815.53;815.53;1232.04;1241;1230.56;622.58;622.58;193.24;26.18;26.18;0;;;;;;;;;;;;;;;;;;;;;;;;;;;;;;;;;;;;;;;;;;;;;;;;;;;;;;;;;;;;;;
B44276_B44276_B44276_B44276;1325.42;1325.42;1158.38;2333.97;2333.97;2335.35;1232.11;859.9;1411.91;1417.69;1395.04;929.53;512.68;516.89;577.2;815.53;815.53;1232.04;1241;1230.56;622.58;622.58;193.24;26.18;26.18;0;0;;;;;;;;;;;;;;;;;;;;;;;;;;;;;;;;;;;;;;;;;;;;;;;;;;;;;;;;;;;;;
B45009_B45009_B45009_B45009;722.01;722.01;2329.14;3028.2;3028.2;3029.06;735.16;2309.97;551.25;552.02;403.04;930.69;2027.69;2035.3;1233.77;2287.18;2287.18;2618.97;2627.63;2618.66;1266.6;1266.6;1608.74;1778.05;1778.05;1762.57;1762.57;0;;;;;;;;;;;;;;;;;;;;;;;;;;;;;;;;;;;;;;;;;;;;;;;;;;;;;;;;;;;;
B45010_B45010_B45010_B45010;722.01;722.01;2329.14;3028.2;3028.2;3029.06;735.16;2309.97;551.25;552.02;403.04;930.69;2027.69;2035.3;1233.77;2287.18;2287.18;2618.97;2627.63;2618.66;1266.6;1266.6;1608.74;1778.05;1778.05;1762.57;1762.57;0;0;;;;;;;;;;;;;;;;;;;;;;;;;;;;;;;;;;;;;;;;;;;;;;;;;;;;;;;;;;;
B45033_B45033_B45033_B45033;730.2;730.2;2324.2;3019.82;3019.82;3020.67;742.21;2306.89;559.52;560.39;407.9;934.99;2025.71;2033.32;1236.24;2284.3;2284.3;2614.95;2623.6;2614.64;1270.11;1270.11;1610.22;1778.6;1778.6;1763.25;1763.25;11.3;11.3;0;;;;;;;;;;;;;;;;;;;;;;;;;;;;;;;;;;;;;;;;;;;;;;;;;;;;;;;;;;
B45514_B45514_B45514_B45514;851.62;851.62;2863.77;3613.84;3613.84;3614.72;927.88;2798.85;732.47;727.22;778.15;1218.84;2488.44;2495.85;1568.76;2770.78;2770.78;3130.34;3139.3;3129.81;1557.25;1557.25;1963.43;2161.45;2161.45;2141.5;2141.5;587.87;587.87;596.98;0;;;;;;;;;;;;;;;;;;;;;;;;;;;;;;;;;;;;;;;;;;;;;;;;;;;;;;;;;
B45515_B45515_B45515_B45515;851.62;851.62;2863.77;3613.84;3613.84;3614.72;927.88;2798.85;732.47;727.22;778.15;1218.84;2488.44;2495.85;1568.76;2770.78;2770.78;3130.34;3139.3;3129.81;1557.25;1557.25;1963.43;2161.45;2161.45;2141.5;2141.5;587.87;587.87;596.98;0;0;;;;;;;;;;;;;;;;;;;;;;;;;;;;;;;;;;;;;;;;;;;;;;;;;;;;;;;;
B45516_B45516_B45516_B45516;851.62;851.62;2863.77;3613.84;3613.84;3614.72;927.88;2798.85;732.47;727.22;778.15;1218.84;2488.44;2495.85;1568.76;2770.78;2770.78;3130.34;3139.3;3129.81;1557.25;1557.25;1963.43;2161.45;2161.45;2141.5;2141.5;587.87;587.87;596.98;0;0;0;;;;;;;;;;;;;;;;;;;;;;;;;;;;;;;;;;;;;;;;;;;;;;;;;;;;;;;
B45517_B45517_B45517_B45517;851.62;851.62;2863.77;3613.84;3613.84;3614.72;927.88;2798.85;732.47;727.22;778.15;1218.84;2488.44;2495.85;1568.76;2770.78;2770.78;3130.34;3139.3;3129.81;1557.25;1557.25;1963.43;2161.45;2161.45;2141.5;2141.5;587.87;587.87;596.98;0;0;0;0;;;;;;;;;;;;;;;;;;;;;;;;;;;;;;;;;;;;;;;;;;;;;;;;;;;;;;
B48582_B48582_B48582_B48582;3254.77;3254.77;1289.86;98.35;98.35;97.22;3159.38;1672.78;3214.88;3222.05;3028.87;2935.03;1946.01;1944.66;2724.38;1717.82;1717.82;1409.37;1404.93;1411.5;2841.06;2841.06;2558.13;2403.63;2403.63;2426.3;2426.3;3122.9;3122.9;3114.45;3708.93;3708.93;3708.93;3708.93;0;;;;;;;;;;;;;;;;;;;;;;;;;;;;;;;;;;;;;;;;;;;;;;;;;;;;;
B48686_B48686_B48686_B48686;3236.63;3236.63;1266.17;81.07;81.07;80.12;3141.06;1648.75;3197.63;3204.81;3012.44;2915.65;1922.56;1921.19;2703.6;1693.81;1693.81;1385.14;1380.71;1387.27;2820.09;2820.09;2535.81;2380.74;2380.74;2403.46;2403.46;3108.97;3108.97;3100.57;3694.71;3694.71;3694.71;3694.71;24.25;0;;;;;;;;;;;;;;;;;;;;;;;;;;;;;;;;;;;;;;;;;;;;;;;;;;;;
B48687_B48687_B48687_B48687;3236.63;3236.63;1266.17;81.07;81.07;80.12;3141.06;1648.75;3197.63;3204.81;3012.44;2915.65;1922.56;1921.19;2703.6;1693.81;1693.81;1385.14;1380.71;1387.27;2820.09;2820.09;2535.81;2380.74;2380.74;2403.46;2403.46;3108.97;3108.97;3100.57;3694.71;3694.71;3694.71;3694.71;24.25;0;0;;;;;;;;;;;;;;;;;;;;;;;;;;;;;;;;;;;;;;;;;;;;;;;;;;;
B49784_B49784_B49784_B49784;829.69;829.69;2834.02;3584.27;3584.27;3585.14;904.42;2770.01;707.62;702.49;749.35;1193.89;2460.2;2467.62;1543.27;2742.06;2742.06;3101.04;3110;3100.52;1533.11;1533.11;1937.88;2135.21;2135.21;2115.38;2115.38;558.85;558.85;568.05;30.02;30.02;30.02;30.02;3679.39;3665.14;3665.14;0;;;;;;;;;;;;;;;;;;;;;;;;;;;;;;;;;;;;;;;;;;;;;;;;;;
B50845_B50845_B50845_B50845;3249.51;3249.51;1847.49;932.41;932.41;931.53;3169.03;2244.01;3161.65;3168.16;2941.63;3019.88;2412.18;2413.74;2913.04;2280.67;2280.67;2099.49;2098.34;2101.46;3037.12;3037.12;2874.95;2780.62;2780.62;2797.6;2797.6;2907.16;2907.16;2896.8;3481.99;3481.99;3481.99;3481.99;937.15;950.78;950.78;3454.93;0;;;;;;;;;;;;;;;;;;;;;;;;;;;;;;;;;;;;;;;;;;;;;;;;;
B51063_B51063_B51063_B51063;2983.89;2983.89;1282.34;395.46;395.46;395.19;2893.44;1682.93;2924.77;2931.77;2723.78;2697.91;1891.51;1891.96;2531.62;1722.87;1722.87;1505.66;1503.86;1507.68;2653.45;2653.45;2427.57;2303.77;2303.77;2323.58;2323.58;2774.58;2774.58;2765.43;3362.41;3362.41;3362.41;3362.41;448.34;449.56;449.56;3333.43;606.69;0;;;;;;;;;;;;;;;;;;;;;;;;;;;;;;;;;;;;;;;;;;;;;;;;
B51658_B51658_B51658_B51658;2296.85;2296.85;102.19;1194.21;1194.21;1195.65;2195.32;396;2313.2;2320.3;2188.94;1916.68;696.56;693.58;1626.51;441.14;441.14;268.43;272.75;269.63;1725.38;1725.38;1366.05;1179.89;1179.89;1204.88;1204.88;2426.85;2426.85;2422.04;2958.11;2958.11;2958.11;2958.11;1276.79;1252.76;1252.76;2928.43;1883.06;1305.01;0;;;;;;;;;;;;;;;;;;;;;;;;;;;;;;;;;;;;;;;;;;;;;;;
B51667_B51667_B51667_B51667;2312.37;2312.37;113.72;1182.28;1182.28;1183.71;2210.85;408.48;2328.43;2335.54;2203.72;1932.37;711.63;708.59;1642.37;453.9;453.9;265.06;268.89;266.35;1741.25;1741.25;1381.7;1195.25;1195.25;1220.25;1220.25;2440.65;2440.65;2435.8;2972.6;2972.6;2972.6;2972.6;1264.41;1240.35;1240.35;2942.9;1876.51;1296.81;15.87;0;;;;;;;;;;;;;;;;;;;;;;;;;;;;;;;;;;;;;;;;;;;;;;
B51669_B51669_B51669_B51669;2312.37;2312.37;113.72;1182.28;1182.28;1183.71;2210.85;408.48;2328.43;2335.54;2203.72;1932.37;711.63;708.59;1642.37;453.9;453.9;265.06;268.89;266.35;1741.25;1741.25;1381.7;1195.25;1195.25;1220.25;1220.25;2440.65;2440.65;2435.8;2972.6;2972.6;2972.6;2972.6;1264.41;1240.35;1240.35;2942.9;1876.51;1296.81;15.87;0;0;;;;;;;;;;;;;;;;;;;;;;;;;;;;;;;;;;;;;;;;;;;;;
B51702_B51702_B51702_B51702;2312.37;2312.37;113.72;1182.28;1182.28;1183.71;2210.85;408.48;2328.43;2335.54;2203.72;1932.37;711.63;708.59;1642.37;453.9;453.9;265.06;268.89;266.35;1741.25;1741.25;1381.7;1195.25;1195.25;1220.25;1220.25;2440.65;2440.65;2435.8;2972.6;2972.6;2972.6;2972.6;1264.41;1240.35;1240.35;2942.9;1876.51;1296.81;15.87;0;0;0;;;;;;;;;;;;;;;;;;;;;;;;;;;;;;;;;;;;;;;;;;;;
B52820_B52820_B52820_B52820;171.08;171.08;2214.39;3106.22;3106.22;3107.27;200.87;2100.36;10.98;18.22;225.1;477.87;1774.65;1781.85;828.11;2068.57;2068.57;2448.23;2457.4;2447.48;818.44;818.44;1222.79;1423.22;1423.22;1402.69;1402.69;551.1;551.1;559.21;741.03;741.03;741.03;741.03;3204.16;3186.9;3186.9;716.02;3152.17;2914.41;2302.29;2317.53;2317.53;2317.53;0;;;;;;;;;;;;;;;;;;;;;;;;;;;;;;;;;;;;;;;;;;;
B53100_B53100_B53100_B53100;139.98;139.98;2280.18;3184.34;3184.34;3185.41;210.12;2156.11;73.98;68;305.15;509.39;1826.14;1833.24;861.88;2123.31;2123.31;2507.47;2516.67;2506.67;840.69;840.69;1255.23;1460.24;1460.24;1438.88;1438.88;600.1;600.1;609.06;718.43;718.43;718.43;718.43;3282.37;3264.95;3264.95;695.43;3235.11;2995.29;2366.87;2382.2;2382.2;2382.2;83;0;;;;;;;;;;;;;;;;;;;;;;;;;;;;;;;;;;;;;;;;;;
B53291_B53291_B53291_B53291;167.29;167.29;2218.67;3111.54;3111.54;3112.59;199.88;2103.83;7.29;13.9;230.83;479.19;1777.78;1784.97;829.77;2071.97;2071.97;2451.99;2461.16;2451.24;819.24;819.24;1224.43;1425.23;1425.23;1404.63;1404.63;554.73;554.73;562.91;739.66;739.66;739.66;739.66;3209.49;3192.22;3192.22;714.78;3158;2919.99;2306.47;2321.71;2321.71;2321.71;5.88;77.15;0;;;;;;;;;;;;;;;;;;;;;;;;;;;;;;;;;;;;;;;;;
B53583_B53583_B53583_B53583;172.87;172.87;2229.27;3120.19;3120.19;3121.25;209.73;2115.08;4.25;4.27;233.32;490.55;1789.18;1796.37;841.23;2083.26;2083.26;2463.06;2472.23;2462.31;830.37;830.37;1235.88;1436.75;1436.75;1416.14;1416.14;549.39;549.39;557.71;728.3;728.3;728.3;728.3;3218.12;3200.89;3200.89;703.48;3163.91;2927.67;2317.18;2332.41;2332.41;2332.41;14.88;72.26;11.54;0;;;;;;;;;;;;;;;;;;;;;;;;;;;;;;;;;;;;;;;;
B53585_B53585_B53585_B53585;174.3;174.3;2226.75;3117.26;3117.26;3118.31;209.67;2112.92;3.62;7.32;230.42;489.4;1787.17;1794.37;839.92;2081.13;2081.13;2460.77;2469.94;2460.02;829.48;829.48;1234.58;1435.27;1435.27;1414.7;1414.7;547.83;547.83;556.11;729.45;729.45;729.45;729.45;3215.19;3197.96;3197.96;704.55;3160.85;2924.66;2314.7;2329.93;2329.93;2329.93;12.56;75.27;10.24;3.06;0;;;;;;;;;;;;;;;;;;;;;;;;;;;;;;;;;;;;;;;
B53586_B53586_B53586_B53586;172.6;172.6;2228.88;3119.9;3119.9;3120.95;209.31;2114.66;3.81;4.43;233.27;490.1;1788.75;1795.94;840.78;2082.83;2082.83;2462.65;2471.81;2461.9;829.92;829.92;1235.43;1436.3;1436.3;1415.69;1415.69;549.64;549.64;557.96;728.76;728.76;728.76;728.76;3217.83;3200.6;3200.6;703.93;3163.73;2927.42;2316.79;2332.02;2332.02;2332.02;14.49;72.37;11.09;0.45;2.9;0;;;;;;;;;;;;;;;;;;;;;;;;;;;;;;;;;;;;;;
B53844_B53844_B53844_B53844;918.99;918.99;2256.94;2874.14;2874.14;2874.92;914.46;2278.85;751.76;753.88;560.47;1060.8;2021.8;2029.42;1325.41;2260.48;2260.48;2565.97;2574.3;2565.85;1377.48;1377.48;1676.93;1826.23;1826.23;1813.62;1813.62;236.01;236.01;224.76;778.88;778.88;778.88;778.88;2967.02;2954.32;2954.32;752.06;2703.17;2602.08;2357.12;2370.1;2370.1;2370.1;749.46;809.52;753.93;750.66;748.62;750.84;0;;;;;;;;;;;;;;;;;;;;;;;;;;;;;;;;;;;;;
B53845_B53845_B53845_B53845;918.99;918.99;2256.94;2874.14;2874.14;2874.92;914.46;2278.85;751.76;753.88;560.47;1060.8;2021.8;2029.42;1325.41;2260.48;2260.48;2565.97;2574.3;2565.85;1377.48;1377.48;1676.93;1826.23;1826.23;1813.62;1813.62;236.01;236.01;224.76;778.88;778.88;778.88;778.88;2967.02;2954.32;2954.32;752.06;2703.17;2602.08;2357.12;2370.1;2370.1;2370.1;749.46;809.52;753.93;750.66;748.62;750.84;0;0;;;;;;;;;;;;;;;;;;;;;;;;;;;;;;;;;;;;
B53846_B53846_B53846_B53846;182.12;182.12;2216.62;3104.91;3104.91;3105.96;211.3;2104.53;14.86;20.69;217.39;485.88;1779.54;1786.76;835.59;2072.91;2072.91;2451.76;2460.92;2451.02;827.08;827.08;1230.28;1430.15;1430.15;1409.72;1409.72;539.99;539.99;548.12;733.28;733.28;733.28;733.28;3202.82;3185.62;3185.62;708.08;3147.52;2911.78;2304.78;2319.99;2319.99;2319.99;11.17;88.6;15.13;16.42;13.37;16.28;738.81;738.81;0;;;;;;;;;;;;;;;;;;;;;;;;;;;;;;;;;;;
B53982_B53982_B53982_B53982;176.93;176.93;2238.49;3128.14;3128.14;3129.19;217.41;2124.64;13.84;8.17;236.92;499.74;1798.78;1805.97;850.56;2092.83;2092.83;2472.54;2481.71;2471.79;839.26;839.26;1245.19;1446.19;1446.19;1425.57;1425.57;546.18;546.18;554.62;719.14;719.14;719.14;719.14;3226.05;3208.85;3208.85;694.39;3169.83;2934.92;2326.47;2341.69;2341.69;2341.69;24.31;68.27;21.1;9.6;11.78;10.04;749.22;749.22;23.24;0;;;;;;;;;;;;;;;;;;;;;;;;;;;;;;;;;;
B54527_B54527_B54527_B54527;2587.21;2587.21;648.94;596.41;596.41;597.72;2489.75;1049.22;2559.56;2566.79;2386.77;2253.98;1280.22;1279.81;2033.45;1090.24;1090.24;880.22;879.38;882.17;2149.42;2149.42;1868.96;1721.52;1721.52;1743.39;1743.39;2524.96;2524.96;2517.54;3101.79;3101.79;3101.79;3101.79;692.4;671.01;671.01;3071.86;1219.96;636.1;669.01;661.03;661.03;661.03;2548.69;2624.47;2553.8;2563.02;2560.16;2562.7;2395.25;2395.25;2548.24;2571.36;0;;;;;;;;;;;;;;;;;;;;;;;;;;;;;;;;;
B54654_B54654_B54654_B54654;2755.29;2755.29;797.57;424.03;424.03;425.37;2658.3;1194.05;2724.56;2731.78;2548.21;2425.19;1441.77;1441;2206.59;1236.81;1236.81;988.03;985.85;990.09;2322.62;2322.62;2040.1;1889.73;1889.73;1911.92;1911.92;2674.81;2674.81;2667.11;3254.81;3254.81;3254.81;3254.81;519.47;497.93;497.93;3224.95;1123.61;520.45;803.78;793.82;793.82;793.82;2713.72;2790.16;2718.88;2727.96;2725.08;2727.65;2537.78;2537.78;2713.04;2736.2;173.2;0;;;;;;;;;;;;;;;;;;;;;;;;;;;;;;;;
B54657_B54657_B54657_B54657;2755.29;2755.29;797.57;424.03;424.03;425.37;2658.3;1194.05;2724.56;2731.78;2548.21;2425.19;1441.77;1441;2206.59;1236.81;1236.81;988.03;985.85;990.09;2322.62;2322.62;2040.1;1889.73;1889.73;1911.92;1911.92;2674.81;2674.81;2667.11;3254.81;3254.81;3254.81;3254.81;519.47;497.93;497.93;3224.95;1123.61;520.45;803.78;793.82;793.82;793.82;2713.72;2790.16;2718.88;2727.96;2725.08;2727.65;2537.78;2537.78;2713.04;2736.2;173.2;0;0;;;;;;;;;;;;;;;;;;;;;;;;;;;;;;;
B54825_B54825_B54825_B54825;302.71;302.71;1986.06;2878.06;2878.06;2879.13;236.89;1883.46;242.4;249.64;182.69;346.26;1564.86;1572.2;665.26;1853.17;1853.17;2226.42;2235.54;2225.73;685.16;685.16;1054.32;1242.51;1242.51;1223.91;1223.91;584.43;584.43;588.79;926.39;926.39;926.39;926.39;2976.12;2958.64;2958.64;898.9;2947.92;2692.82;2074.95;2090.09;2090.09;2090.09;231.43;306.52;236.3;246.07;243.33;245.72;724.98;724.98;232.18;254.84;2318.16;2483.68;2483.68;0;;;;;;;;;;;;;;;;;;;;;;;;;;;;;;
B54826_B54826_B54826_B54826;302.71;302.71;1986.06;2878.06;2878.06;2879.13;236.89;1883.46;242.4;249.64;182.69;346.26;1564.86;1572.2;665.26;1853.17;1853.17;2226.42;2235.54;2225.73;685.16;685.16;1054.32;1242.51;1242.51;1223.91;1223.91;584.43;584.43;588.79;926.39;926.39;926.39;926.39;2976.12;2958.64;2958.64;898.9;2947.92;2692.82;2074.95;2090.09;2090.09;2090.09;231.43;306.52;236.3;246.07;243.33;245.72;724.98;724.98;232.18;254.84;2318.16;2483.68;2483.68;0;0;;;;;;;;;;;;;;;;;;;;;;;;;;;;;
B54827_B54827_B54827_B54827;302.71;302.71;1986.06;2878.06;2878.06;2879.13;236.89;1883.46;242.4;249.64;182.69;346.26;1564.86;1572.2;665.26;1853.17;1853.17;2226.42;2235.54;2225.73;685.16;685.16;1054.32;1242.51;1242.51;1223.91;1223.91;584.43;584.43;588.79;926.39;926.39;926.39;926.39;2976.12;2958.64;2958.64;898.9;2947.92;2692.82;2074.95;2090.09;2090.09;2090.09;231.43;306.52;236.3;246.07;243.33;245.72;724.98;724.98;232.18;254.84;2318.16;2483.68;2483.68;0;0;0;;;;;;;;;;;;;;;;;;;;;;;;;;;;
B54828_B54828_B54828_B54828;302.71;302.71;1986.06;2878.06;2878.06;2879.13;236.89;1883.46;242.4;249.64;182.69;346.26;1564.86;1572.2;665.26;1853.17;1853.17;2226.42;2235.54;2225.73;685.16;685.16;1054.32;1242.51;1242.51;1223.91;1223.91;584.43;584.43;588.79;926.39;926.39;926.39;926.39;2976.12;2958.64;2958.64;898.9;2947.92;2692.82;2074.95;2090.09;2090.09;2090.09;231.43;306.52;236.3;246.07;243.33;245.72;724.98;724.98;232.18;254.84;2318.16;2483.68;2483.68;0;0;0;0;;;;;;;;;;;;;;;;;;;;;;;;;;;
B54829_B54829_B54829_B54829;331.06;331.06;1964.98;2851.75;2851.75;2852.81;263.89;1866.69;266.88;274.12;181.69;353.16;1550.24;1557.6;662.8;1836.85;1836.85;2207.99;2217.1;2207.32;687.84;687.84;1049.39;1234.84;1234.84;1216.66;1216.66;579.13;579.13;582.99;939.12;939.12;939.12;939.12;2949.77;2932.36;2932.36;911.3;2919.58;2665.36;2054.36;2069.45;2069.45;2069.45;255.97;332.6;261.02;270.42;267.61;270.09;711.69;711.69;256.04;278.97;2292.82;2458.06;2458.06;28.37;28.37;28.37;28.37;0;;;;;;;;;;;;;;;;;;;;;;;;;;
B54875_B54875_B54875_B54875;401.5;401.5;1923.35;2792.42;2792.42;2793.47;334.75;1837.93;324.71;331.85;184.92;391.03;1527.91;1535.36;675.55;1809.42;1809.42;2174.18;2183.23;2173.57;712.66;712.66;1054.06;1231.93;1231.93;1214.88;1214.88;558.22;558.22;560.78;961.53;961.53;961.53;961.53;2890.32;2873.14;2873.14;932.97;2850.58;2601.39;2014.16;2029.11;2029.11;2029.11;314.09;393.99;319.51;327.89;324.93;327.6;670.22;670.22;312.5;335.73;2237.1;2401.32;2401.32;99.14;99.14;99.14;99.14;71.15;0;;;;;;;;;;;;;;;;;;;;;;;;;
B54897_B54897_B54897_B54897;450.15;450.15;2064.02;2876.63;2876.63;2877.62;423.16;2001.84;307.24;312.4;75.16;567.15;1700.85;1708.37;865.86;1975.27;1975.27;2329.39;2338.32;2328.88;898.96;898.96;1244.41;1420.08;1420.08;1403.48;1403.48;368.38;368.38;371.43;801.4;801.4;801.4;801.4;2973.77;2957.66;2957.66;771.94;2872.98;2663.02;2157.62;2172.21;2172.21;2172.21;300.21;379.85;305.93;308.23;305.34;308.19;501.91;501.91;292.38;311.58;2337.21;2497.13;2497.13;224.12;224.12;224.12;224.12;214.01;190.67;0;;;;;;;;;;;;;;;;;;;;;;;;
B54898_B54898_B54898_B54898;407.13;407.13;2078.14;2904.58;2904.58;2905.58;382.24;2007.68;264.78;270.08;32.6;540;1702.42;1709.91;848.3;1980.27;1980.27;2338.74;2347.72;2338.19;876.13;876.13;1230.95;1410.63;1410.63;1393.43;1393.43;390.99;390.99;395.06;791.89;791.89;791.89;791.89;3001.89;2985.57;2985.57;762.79;2910.2;2694.82;2170.91;2185.62;2185.62;2185.62;257.53;337.74;263.29;265.88;262.97;265.83;537.82;537.82;249.91;269.51;2361.76;2522.65;2522.65;194.03;194.03;194.03;194.03;188.31;178.9;43.18;0;;;;;;;;;;;;;;;;;;;;;;;
B54899_B54899_B54899_B54899;407.13;407.13;2078.14;2904.58;2904.58;2905.58;382.24;2007.68;264.78;270.08;32.6;540;1702.42;1709.91;848.3;1980.27;1980.27;2338.74;2347.72;2338.19;876.13;876.13;1230.95;1410.63;1410.63;1393.43;1393.43;390.99;390.99;395.06;791.89;791.89;791.89;791.89;3001.89;2985.57;2985.57;762.79;2910.2;2694.82;2170.91;2185.62;2185.62;2185.62;257.53;337.74;263.29;265.88;262.97;265.83;537.82;537.82;249.91;269.51;2361.76;2522.65;2522.65;194.03;194.03;194.03;194.03;188.31;178.9;43.18;0;0;;;;;;;;;;;;;;;;;;;;;;
B54900_B54900_B54900_B54900;407.13;407.13;2078.14;2904.58;2904.58;2905.58;382.24;2007.68;264.78;270.08;32.6;540;1702.42;1709.91;848.3;1980.27;1980.27;2338.74;2347.72;2338.19;876.13;876.13;1230.95;1410.63;1410.63;1393.43;1393.43;390.99;390.99;395.06;791.89;791.89;791.89;791.89;3001.89;2985.57;2985.57;762.79;2910.2;2694.82;2170.91;2185.62;2185.62;2185.62;257.53;337.74;263.29;265.88;262.97;265.83;537.82;537.82;249.91;269.51;2361.76;2522.65;2522.65;194.03;194.03;194.03;194.03;188.31;178.9;43.18;0;0;0;;;;;;;;;;;;;;;;;;;;;
B56137_B56137_B56137_B56137;3021.42;3021.42;846.7;1166.19;1166.19;1167.39;2919.98;971.46;3048.64;3055.65;2933.18;2631.82;1323.84;1318.18;2319.19;1012.87;1012.87;600.24;590.99;601.39;2405.5;2405.5;2007.32;1797.92;1797.92;1824.09;1824.09;3175.54;3175.54;3170.68;3704.98;3704.98;3704.98;3704.98;1201.29;1179.85;1179.85;3675.38;2071.53;1470.79;748.78;734.9;734.9;734.9;3037.82;3099.33;3041.77;3052.69;3050.32;3052.29;3102.14;3102.14;3040.89;3062.1;984.89;991.22;991.22;2813.15;2813.15;2813.15;2813.15;2793.6;2756.22;2903.88;2916.02;2916.02;2916.02;0;;;;;;;;;;;;;;;;;;;;
B56138_B56138_B56138_B56138;3021.42;3021.42;846.7;1166.19;1166.19;1167.39;2919.98;971.46;3048.64;3055.65;2933.18;2631.82;1323.84;1318.18;2319.19;1012.87;1012.87;600.24;590.99;601.39;2405.5;2405.5;2007.32;1797.92;1797.92;1824.09;1824.09;3175.54;3175.54;3170.68;3704.98;3704.98;3704.98;3704.98;1201.29;1179.85;1179.85;3675.38;2071.53;1470.79;748.78;734.9;734.9;734.9;3037.82;3099.33;3041.77;3052.69;3050.32;3052.29;3102.14;3102.14;3040.89;3062.1;984.89;991.22;991.22;2813.15;2813.15;2813.15;2813.15;2793.6;2756.22;2903.88;2916.02;2916.02;2916.02;0;0;;;;;;;;;;;;;;;;;;;
B56139_B56139_B56139_B56139;3021.42;3021.42;846.7;1166.19;1166.19;1167.39;2919.98;971.46;3048.64;3055.65;2933.18;2631.82;1323.84;1318.18;2319.19;1012.87;1012.87;600.24;590.99;601.39;2405.5;2405.5;2007.32;1797.92;1797.92;1824.09;1824.09;3175.54;3175.54;3170.68;3704.98;3704.98;3704.98;3704.98;1201.29;1179.85;1179.85;3675.38;2071.53;1470.79;748.78;734.9;734.9;734.9;3037.82;3099.33;3041.77;3052.69;3050.32;3052.29;3102.14;3102.14;3040.89;3062.1;984.89;991.22;991.22;2813.15;2813.15;2813.15;2813.15;2793.6;2756.22;2903.88;2916.02;2916.02;2916.02;0;0;0;;;;;;;;;;;;;;;;;;
B56304_B56304_B56304_B56304;3027.06;3027.06;861.96;1202.75;1202.75;1203.94;2925.69;971.6;3056.36;3063.36;2943.4;2636.27;1323.37;1317.58;2321.22;1012.16;1012.16;602.71;593.44;603.75;2406.1;2406.1;2005.2;1794.63;1794.63;1820.81;1820.81;3189.53;3189.53;3184.78;3716.26;3716.26;3716.26;3716.26;1237.49;1216.1;1216.1;3686.7;2108.17;1507.28;762.9;749.38;749.38;749.38;3045.57;3106.39;3049.46;3060.43;3058.08;3060.02;3118.61;3118.61;3048.77;3069.86;1018.05;1026.6;1026.6;2821.61;2821.61;2821.61;2821.61;2802.34;2765.76;2914.96;2926.58;2926.58;2926.58;36.69;36.69;36.69;0;;;;;;;;;;;;;;;;;
B56946_B56946_B56946_B56946;1948.8;1948.8;287.18;1467.97;1467.97;1469.37;1847.23;271.13;1971.07;1978.11;1856.93;1565.58;391.08;390.65;1273.64;285.13;285.13;502.3;510.96;501.99;1373.39;1373.39;1024.69;850.92;850.92;874.73;874.73;2116.68;2116.68;2112.65;2631.39;2631.39;2631.39;2631.39;1558.04;1534.79;1534.79;2601.97;2037.97;1504.11;352.97;368.82;368.82;368.82;1960.23;2022.71;1964.23;1975.11;1972.71;1974.71;2066.15;2066.15;1963.17;1984.49;889.16;1051.08;1051.08;1735.13;1735.13;1735.13;1735.13;1715.59;1678.81;1830.03;1840.61;1840.61;1840.61;1078.02;1078.02;1078.02;1086.98;0;;;;;;;;;;;;;;;;
B56947_B56947_B56947_B56947;1948.8;1948.8;287.18;1467.97;1467.97;1469.37;1847.23;271.13;1971.07;1978.11;1856.93;1565.58;391.08;390.65;1273.64;285.13;285.13;502.3;510.96;501.99;1373.39;1373.39;1024.69;850.92;850.92;874.73;874.73;2116.68;2116.68;2112.65;2631.39;2631.39;2631.39;2631.39;1558.04;1534.79;1534.79;2601.97;2037.97;1504.11;352.97;368.82;368.82;368.82;1960.23;2022.71;1964.23;1975.11;1972.71;1974.71;2066.15;2066.15;1963.17;1984.49;889.16;1051.08;1051.08;1735.13;1735.13;1735.13;1735.13;1715.59;1678.81;1830.03;1840.61;1840.61;1840.61;1078.02;1078.02;1078.02;1086.98;0;0;;;;;;;;;;;;;;;
B56960_B56960_B56960_B56960;1757.46;1757.46;554.94;1742.94;1742.94;1744.34;1656.56;312.38;1798.54;1805.34;1710.29;1363.25;125.81;128.02;1047.62;282.43;282.43;672.01;681.28;670.95;1137.4;1137.4;763.3;579.25;579.25;603.71;603.71;2007.52;2007.52;2004.85;2488.36;2488.36;2488.36;2488.36;1833.15;1809.9;1809.9;2459.63;2286.59;1768.59;603.13;618.71;618.71;618.71;1787.98;1843.9;1791.46;1802.7;1800.54;1802.28;1987;1987;1792.15;1812.26;1161.55;1325.16;1325.16;1571.39;1571.39;1571.39;1571.39;1554.83;1527.02;1693.08;1697.88;1697.88;1697.88;1271.88;1271.88;1271.88;1274.69;275.11;275.11;0;;;;;;;;;;;;;;
B57017_B57017_B57017_B57017;2567.12;2567.12;436.22;1246.85;1246.85;1248.26;2465.73;521.92;2596.75;2603.74;2486.62;2176.92;874.21;868.91;1864.94;565.4;565.4;148.77;139.8;150.24;1952.75;1952.75;1560.27;1354.7;1354.7;1380.8;1380.8;2742.08;2742.08;2737.72;3261.19;3261.19;3261.19;3261.19;1312.48;1288.42;1288.42;3231.75;2049.62;1447.73;334.21;324.31;324.31;324.31;2585.98;2646.48;2589.84;2600.83;2598.5;2600.42;2681.17;2681.17;2589.26;2610.27;841.75;927.32;927.32;2362.6;2362.6;2362.6;2362.6;2343.59;2308.01;2459.81;2470.42;2470.42;2470.42;454.98;454.98;454.98;460.03;629.83;629.83;817.36;0;;;;;;;;;;;;;
B57146_B57146_B57146_B57146;2760.61;2760.61;620.34;1234.27;1234.27;1235.61;2659.3;704.68;2791.78;2798.75;2682.41;2369.21;1056.87;1051.17;2053.79;745.81;745.81;335.35;326.09;336.36;2139.06;2139.06;1740.16;1530.99;1530.99;1557.16;1557.16;2936.69;2936.69;2932.25;3456.96;3456.96;3456.96;3456.96;1287.83;1264.52;1264.52;3427.51;2089.26;1482.63;518.5;506.67;506.67;506.67;2781.02;2841.1;2784.85;2795.87;2793.54;2795.46;2873.3;2873.3;2784.37;2805.32;917.1;970.15;970.15;2558;2558;2558;2558;2539.1;2503.73;2655.57;2666.22;2666.22;2666.22;267.16;267.16;267.16;267.46;825.62;825.62;1007.27;195.8;0;;;;;;;;;;;;
B57147_B57147_B57147_B57147;2760.61;2760.61;620.34;1234.27;1234.27;1235.61;2659.3;704.68;2791.78;2798.75;2682.41;2369.21;1056.87;1051.17;2053.79;745.81;745.81;335.35;326.09;336.36;2139.06;2139.06;1740.16;1530.99;1530.99;1557.16;1557.16;2936.69;2936.69;2932.25;3456.96;3456.96;3456.96;3456.96;1287.83;1264.52;1264.52;3427.51;2089.26;1482.63;518.5;506.67;506.67;506.67;2781.02;2841.1;2784.85;2795.87;2793.54;2795.46;2873.3;2873.3;2784.37;2805.32;917.1;970.15;970.15;2558;2558;2558;2558;2539.1;2503.73;2655.57;2666.22;2666.22;2666.22;267.16;267.16;267.16;267.46;825.62;825.62;1007.27;195.8;0;0;;;;;;;;;;;
B57328_B57328_B57328_B57328;2532.19;2532.19;379.92;1210.41;1210.41;1211.82;2430.7;504.51;2558.5;2565.52;2444.53;2144.09;854.11;849.19;1836.67;549.68;549.68;142.85;135.71;144.83;1927.02;1927.02;1540.63;1338.23;1338.23;1364.21;1364.21;2694.76;2694.76;2690.24;3217.79;3217.79;3217.79;3217.79;1278.93;1254.77;1254.77;3188.27;1999.76;1399.71;277.73;266.91;266.91;266.91;2547.69;2609.27;2551.63;2562.56;2560.18;2562.15;2630.62;2630.62;2550.76;2571.96;787.9;879.4;879.4;2323.15;2323.15;2323.15;2323.15;2303.72;2266.88;2416.42;2427.81;2427.81;2427.81;490.14;490.14;490.14;498.9;588.17;588.17;789.75;61.38;242.69;242.69;0;;;;;;;;;;
B57460_B57460_B57460_B57460;2410.25;2410.25;276.74;1251.6;1251.6;1253.03;2308.75;396.59;2436.31;2443.33;2322.85;2022.61;740.88;736.31;1716.91;443;443;101.9;103.19;103.66;1808.54;1808.54;1426.48;1227.01;1227.01;1252.84;1252.84;2575.52;2575.52;2571.12;3096.53;3096.53;3096.53;3096.53;1326.22;1301.97;1301.97;3067.04;2000.17;1408.34;177.58;171.19;171.19;171.19;2425.5;2487.09;2429.44;2440.37;2438;2439.96;2514.27;2514.27;2428.58;2449.78;780.38;892.45;892.45;2201.02;2201.02;2201.02;2201.02;2181.63;2144.98;2295.14;2306.27;2306.27;2306.27;612.33;612.33;612.33;620.81;466.18;466.18;671.21;166.94;361.29;361.29;122.19;0;;;;;;;;;
B57461_B57461_B57461_B57461;2410.25;2410.25;276.74;1251.6;1251.6;1253.03;2308.75;396.59;2436.31;2443.33;2322.85;2022.61;740.88;736.31;1716.91;443;443;101.9;103.19;103.66;1808.54;1808.54;1426.48;1227.01;1227.01;1252.84;1252.84;2575.52;2575.52;2571.12;3096.53;3096.53;3096.53;3096.53;1326.22;1301.97;1301.97;3067.04;2000.17;1408.34;177.58;171.19;171.19;171.19;2425.5;2487.09;2429.44;2440.37;2438;2439.96;2514.27;2514.27;2428.58;2449.78;780.38;892.45;892.45;2201.02;2201.02;2201.02;2201.02;2181.63;2144.98;2295.14;2306.27;2306.27;2306.27;612.33;612.33;612.33;620.81;466.18;466.18;671.21;166.94;361.29;361.29;122.19;0;0;;;;;;;;
B59003_B59003_B59003_B59003;172.37;172.37;2220.27;3111.51;3111.51;3112.56;204.89;2106.31;5.44;12.62;227.67;483.27;1780.57;1787.77;833.66;2074.52;2074.52;2454.18;2463.34;2453.43;823.6;823.6;1228.33;1428.89;1428.89;1408.34;1408.34;549.64;549.64;557.84;735.59;735.59;735.59;735.59;3209.45;3192.2;3192.2;710.64;3156.37;2919.34;2308.19;2323.42;2323.42;2323.42;5.95;79.08;5.23;9.01;6.61;8.64;749.17;749.17;10.67;18.36;2554.17;2719.15;2719.15;237.1;237.1;237.1;237.1;261.52;319.28;302.71;260.17;260.17;260.17;3043.75;3043.75;3043.75;3051.51;1966.16;1966.16;1793.93;2591.92;2786.96;2786.96;2553.62;2431.43;2431.43;0;;;;;;;
B59123_B59123_B59123_B59123;170.95;170.95;2220.38;3112.06;3112.06;3113.12;203.77;2106.16;4.98;12.22;228.9;482.57;1780.32;1787.52;833.03;2074.34;2074.34;2454.12;2463.28;2453.37;822.79;822.79;1227.7;1428.35;1428.35;1407.78;1407.78;551.06;551.06;559.26;736.28;736.28;736.28;736.28;3210;3192.75;3192.75;711.36;3157.3;2920.04;2308.27;2323.5;2323.5;2323.5;6.01;78.06;3.93;8.95;6.94;8.54;750.6;750.6;12.06;18.48;2554.62;2719.63;2719.63;237.42;237.42;237.42;237.42;261.92;319.87;303.95;261.39;261.39;261.39;3043.75;3043.75;3043.75;3051.49;1966.17;1966.17;1793.78;2591.89;2786.92;2786.92;2553.62;2431.43;2431.43;1.44;0;;;;;;
B59459_B59459_B59459_B59459;171.91;171.91;2218.17;3109.62;3109.62;3110.67;203.47;2104.19;7.35;14.59;226.71;481.36;1778.47;1785.67;831.7;2072.41;2072.41;2452.07;2461.23;2451.32;821.78;821.78;1226.37;1426.89;1426.89;1406.34;1406.34;550.13;550.13;558.29;737.51;737.51;737.51;737.51;3207.56;3190.31;3190.31;712.54;3154.86;2917.57;2306.09;2321.32;2321.32;2321.32;3.84;80.46;4.69;11.09;8.73;10.71;749.24;749.24;10.44;20.48;2552.21;2717.21;2717.21;235.08;235.08;235.08;235.08;259.53;317.42;301.79;259.19;259.19;259.19;3041.64;3041.64;3041.64;3049.4;1964.05;1964.05;1791.81;2589.81;2784.85;2784.85;2551.51;2429.32;2429.32;2.12;2.47;0;;;;;
B59739_B59739_B59739_B59739;172.81;172.81;2221.76;3112.82;3112.82;3113.88;206;2107.83;4.26;11.29;228.27;484.69;1782.09;1789.29;835.11;2076.04;2076.04;2455.7;2464.86;2454.95;824.97;824.97;1229.77;1430.37;1430.37;1409.81;1409.81;549.2;549.2;557.41;734.17;734.17;734.17;734.17;3210.76;3193.52;3193.52;709.23;3157.39;2920.55;2309.69;2324.92;2324.92;2324.92;7.47;78.18;6.13;7.55;5.09;7.19;749.02;749.02;10.98;16.85;2555.54;2720.51;2720.51;238.53;238.53;238.53;238.53;262.91;320.57;303.29;260.78;260.78;260.78;3045.26;3045.26;3045.26;3053.02;1967.66;1967.66;1795.45;2593.43;2788.47;2788.47;2555.13;2432.94;2432.94;1.52;2.23;3.64;0;;;;
B60344_B60344_B60344_B60344;3211.4;3211.4;1622.08;631.9;631.9;630.98;3125.27;2022.44;3138.3;3145.1;2927.08;2950.36;2220.92;2221.71;2809.76;2061.78;2061.78;1846.93;1845;1848.96;2933.01;2933.01;2732.48;2619.41;2619.41;2638.24;2638.24;2935.56;2935.56;2925.73;3519.66;3519.66;3519.66;3519.66;636.16;649.49;649.49;3491.54;301.39;342.06;1646.69;1638.63;1638.63;1638.63;3128.32;3210.56;3134.05;3140.92;3137.87;3140.7;2745.78;2745.78;3124.71;3147.56;977.68;859.87;859.87;2913.99;2913.99;2913.99;2913.99;2885.96;2819.23;2862.12;2896.75;2896.75;2896.75;1780.54;1780.54;1780.54;1817.23;1836.5;1836.5;2096.85;1785.84;1812.06;1812.06;1739;1750;1750;3132.92;3133.74;3131.27;3134.05;0;;;
B60420_B60420_B60420_B60420;3344.9;3344.9;1710.68;644.79;644.79;643.66;3258.31;2111.21;3272.88;3279.7;3062.18;3080.69;2322.73;2323.22;2934.92;2151.78;2151.78;1917.35;1914.86;1919.42;3057.88;3057.88;2848.98;2730.76;2730.76;2750.12;2750.12;3071.28;3071.28;3061.44;3655.24;3655.24;3655.24;3655.24;628.03;645.34;645.34;3627.14;343.2;431.36;1728.92;1719.99;1719.99;1719.99;3262.87;3345.04;3268.59;3275.51;3272.46;3275.29;2881.09;2881.09;3259.32;3282.19;1062.2;930.35;930.35;3047.94;3047.94;3047.94;3047.94;3019.95;2953.41;2997.39;3031.91;3031.91;3031.91;1809.66;1809.66;1809.66;1846.29;1935.47;1935.47;2199.63;1847.57;1860.36;1860.36;1803.53;1822.62;1822.62;3267.5;3268.31;3265.84;3268.63;135.82;0;;
B60554_B60554_B60554_B60554;3317.12;3317.12;1626.97;539.32;539.32;538.17;3228.85;2026.96;3250.2;3257.1;3042.98;3043.13;2247.62;2247.85;2886.63;2068.26;2068.26;1823.71;1820.98;1825.8;3008.97;3008.97;2788.09;2664.1;2664.1;2684.01;2684.01;3066.5;3066.5;3056.87;3652.39;3652.39;3652.39;3652.39;522.05;539.23;539.23;3623.98;434.68;360.67;1641.4;1631.99;1631.99;1631.99;3240.05;3321.78;3245.72;3252.95;3249.91;3252.71;2881.61;2881.61;3236.86;3259.85;978.08;839.39;839.39;3022.3;3022.3;3022.3;3022.3;2994.5;2928.91;2979.6;3013.17;3013.17;3013.17;1704.86;1704.86;1704.86;1741.47;1858.64;1858.64;2125.49;1750.58;1759.22;1759.22;1707.63;1730.09;1730.09;3244.8;3245.57;3243.09;3245.96;164.05;106.14;0;
B60739_B60739_B60739_B60739;2064.07;2064.07;409.64;1599.25;1599.25;1600.69;1963.41;9.26;2107.07;2113.86;2017.77;1668.27;346.11;340.55;1345.42;38.27;38.27;380.19;389.26;378.79;1428.5;1428.5;1031.44;826.49;826.49;852.53;852.53;2308.22;2308.22;2305.18;2795.92;2795.92;2795.92;2795.92;1682.04;1658;1658;2767.1;2252.68;1691.93;405.25;417.73;417.73;417.73;2096.52;2152.03;2099.98;2111.24;2109.09;2110.82;2278.06;2278.06;2100.74;2120.8;1058.3;1203.25;1203.25;1879.97;1879.97;1879.97;1879.97;1863.31;1834.86;1999.23;2004.87;2004.87;2004.87;977.77;977.77;977.77;977.65;276.04;276.04;308.65;528.88;710.88;710.88;512.13;404.82;404.82;2102.47;2102.32;2100.36;2103.99;2031.39;2120.27;2036.08;0
